{
  "C": -1036.950377942932,
  "H": -16.075717982354927,
  "N": -1489.2339297976982,
  "O": -2047.9653623826996,
  "S": -10833.659801629245,
  "__charge__": 3.2734231774011517
}