{
  "C": -1036.791155212061,
  "H": -16.124748242160663,
  "N": -1489.9706860266801,
  "O": -2047.5067080856431,
  "S": -10834.15326793491,
  "__charge__": 6.071456347439651
}